"lad_code","local_authority","census_population_2021","meta_average_nighttime_active_account_estimate_march_2021","meta_estimates_per_100_census_residents","difference_from_fitted_meta_estimate_rate_per_100"
"E06000001","Hartlepool",92338,8622,9.337434,1.242631
"E06000002","Middlesbrough",143926,11286,7.84153,-0.253274
"E06000003","Redcar and Cleveland",136531,13814,10.117849,2.023045
"E06000004","Stockton-on-Tees",196595,20125,10.236781,2.141978
"E06000005","Darlington",107799,11251,10.437017,2.342213
"E06000006","Halton",128478,11123,8.657513,0.56271
"E06000007","Warrington",210974,21794,10.330183,2.235379
"E06000008","Blackburn with Darwen",154738,10559,6.823792,-1.271011
"E06000009","Blackpool",141036,10801,7.658328,-0.436475
"E06000010","Kingston upon Hull, City of",267014,18974,7.105994,-0.988809
"E06000011","East Riding of Yorkshire",342215,37764,11.035168,2.940364
"E06000012","North East Lincolnshire",156966,13877,8.840768,0.745964
"E06000013","North Lincolnshire",169680,18739,11.043729,2.948926
"E06000014","York",202821,16784,8.275277,0.180474
"E06000015","Derby",261364,18175,6.953903,-1.1409
"E06000016","Leicester",368571,24965,6.773457,-1.321346
"E06000017","Rutland",41049,3486,8.49229,0.397486
"E06000018","Nottingham",323632,24522,7.577125,-0.517679
"E06000019","Herefordshire, County of",187034,17372,9.288151,1.193347
"E06000020","Telford and Wrekin",185541,17585,9.47769,1.382886
"E06000021","Stoke-on-Trent",258366,22096,8.552209,0.457405
"E06000022","Bath and North East Somerset",193409,15024,7.767994,-0.326809
"E06000023","Bristol, City of",472465,29248,6.190511,-1.904292
"E06000024","North Somerset",216726,18169,8.383397,0.288593
"E06000025","South Gloucestershire",290424,28619,9.854213,1.75941
"E06000026","Plymouth",264695,15922,6.015225,-2.079579
"E06000027","Torbay",139324,6930,4.974017,-3.120786
"E06000030","Swindon",233407,21322,9.135116,1.040312
"E06000031","Peterborough",215671,22325,10.351415,2.256611
"E06000032","Luton",225262,10052,4.462359,-3.632444
"E06000033","Southend-on-Sea",180686,8594,4.756318,-3.338486
"E06000034","Thurrock",176001,16376,9.304493,1.209689
"E06000035","Medway",279773,21276,7.604737,-0.490067
"E06000036","Bracknell Forest",124607,10702,8.588603,0.493799
"E06000037","West Berkshire",161448,13958,8.645508,0.550705
"E06000038","Reading",174224,8960,5.142805,-2.951999
"E06000039","Slough",158500,6602,4.1653,-3.929504
"E06000040","Windsor and Maidenhead",153496,12674,8.256893,0.162089
"E06000041","Wokingham",177503,14683,8.271973,0.177169
"E06000042","Milton Keynes",287060,23444,8.166934,0.07213
"E06000043","Brighton and Hove",277103,14496,5.231268,-2.863536
"E06000044","Portsmouth",208003,9487,4.560992,-3.533812
"E06000045","Southampton",248922,14397,5.783739,-2.311064
"E06000046","Isle of Wight",140459,9236,6.575584,-1.519219
"E06000047","County Durham",522068,54687,10.475072,2.380269
"E06000049","Cheshire East",398772,38827,9.736641,1.641838
"E06000050","Cheshire West and Chester",357150,35200,9.855803,1.760999
"E06000051","Shropshire",323606,32010,9.891658,1.796855
"E06000052","Cornwall",570305,47246,8.284339,0.189535
"E06000053","Isles of Scilly",2053,56,2.727716,-5.367088
"E06000054","Wiltshire",510333,46766,9.16382,1.069017
"E06000055","Bedford",185225,16899,9.123498,1.028695
"E06000056","Central Bedfordshire",294252,32994,11.212838,3.118034
"E06000057","Northumberland",320567,28768,8.974099,0.879295
"E06000058","Bournemouth, Christchurch and Poole",400196,26990,6.744195,-1.350608
"E06000059","Dorset",379579,30288,7.979367,-0.115437
"E06000060","Buckinghamshire",553078,48090,8.694976,0.600172
"E06000061","North Northamptonshire",359525,38142,10.608998,2.514194
"E06000062","West Northamptonshire",425725,45255,10.630102,2.535298
"E07000008","Cambridge",145674,6579,4.516249,-3.578555
"E07000009","East Cambridgeshire",87762,8793,10.019143,1.924339
"E07000010","Fenland",102462,9750,9.515723,1.420919
"E07000011","Huntingdonshire",180832,17099,9.455738,1.360934
"E07000012","South Cambridgeshire",162118,14422,8.895989,0.801186
"E07000026","Allerdale",96157,7557,7.859022,-0.235781
"E07000027","Barrow-in-Furness",67407,5069,7.519991,-0.574813
"E07000028","Carlisle",110024,11678,10.614048,2.519244
"E07000029","Copeland",67076,5917,8.821337,0.726533
"E07000030","Eden",54735,4506,8.232392,0.137589
"E07000031","South Lakeland",104450,8572,8.206798,0.111994
"E07000032","Amber Valley",126206,13088,10.370347,2.275543
"E07000033","Bolsover",80272,10548,13.140323,5.045519
"E07000034","Chesterfield",103569,7418,7.162375,-0.932429
"E07000035","Derbyshire Dales",71540,5602,7.830584,-0.264219
"E07000036","Erewash",112906,11172,9.894957,1.800153
"E07000037","High Peak",90933,8228,9.04842,0.953617
"E07000038","North East Derbyshire",102001,16204,15.886119,7.791315
"E07000039","South Derbyshire",107205,18721,17.462805,9.368001
"E07000040","East Devon",150828,12413,8.229904,0.135101
"E07000041","Exeter",130709,7238,5.537492,-2.557312
"E07000042","Mid Devon",82852,7453,8.995558,0.900755
"E07000043","North Devon",98611,8407,8.525418,0.430614
"E07000044","South Hams",88627,11246,12.689135,4.594332
"E07000045","Teignbridge",134803,13180,9.77723,1.682427
"E07000046","Torridge",68114,4558,6.691723,-1.403081
"E07000047","West Devon",57096,4864,8.518986,0.424182
"E07000061","Eastbourne",101686,3259,3.204964,-4.889839
"E07000062","Hastings",90995,4775,5.247541,-2.847263
"E07000063","Lewes",99905,8433,8.441019,0.346215
"E07000064","Rother",93108,7211,7.74477,-0.350034
"E07000065","Wealden",160152,17341,10.827839,2.733035
"E07000066","Basildon",187571,14786,7.882882,-0.211922
"E07000067","Braintree",155268,14368,9.253678,1.158874
"E07000068","Brentwood",77047,7365,9.5591,1.464297
"E07000069","Castle Point",89587,4765,5.318852,-2.775952
"E07000070","Chelmsford",181523,14494,7.984663,-0.110141
"E07000071","Colchester",192715,16331,8.474172,0.379368
"E07000072","Epping Forest",134980,15606,11.561713,3.466909
"E07000073","Harlow",93329,3488,3.737316,-4.357487
"E07000074","Maldon",66208,5847,8.831259,0.736455
"E07000075","Rochford",85661,9971,11.64007,3.545266
"E07000076","Tendring",148291,10548,7.113041,-0.981762
"E07000077","Uttlesford",91341,8413,9.210541,1.115737
"E07000078","Cheltenham",118836,6732,5.66495,-2.429854
"E07000079","Cotswold",90832,7712,8.4904,0.395596
"E07000080","Forest of Dean",87004,7825,8.993839,0.899036
"E07000081","Gloucester",132416,7697,5.812742,-2.282062
"E07000082","Stroud",121104,11438,9.444775,1.349971
"E07000083","Tewkesbury",94884,12980,13.679862,5.585058
"E07000084","Basingstoke and Deane",185154,18027,9.73622,1.641416
"E07000085","East Hampshire",125744,9759,7.761006,-0.333797
"E07000086","Eastleigh",136443,14598,10.698973,2.60417
"E07000087","Fareham",114511,6669,5.823895,-2.270909
"E07000088","Gosport",81952,4143,5.055398,-3.039405
"E07000089","Hart",99408,8358,8.407774,0.31297
"E07000090","Havant",124208,7900,6.360299,-1.734505
"E07000091","New Forest",175785,15157,8.622465,0.527661
"E07000092","Rushmoor",99756,5640,5.653795,-2.441008
"E07000093","Test Valley",130492,12670,9.709407,1.614604
"E07000094","Winchester",127444,15362,12.053922,3.959118
"E07000095","Broxbourne",99009,6424,6.488299,-1.606505
"E07000096","Dacorum",155081,10534,6.792579,-1.302224
"E07000098","Hertsmere",107827,11151,10.341566,2.246762
"E07000099","North Hertfordshire",133210,15680,11.770888,3.676084
"E07000102","Three Rivers",93771,6440,6.867795,-1.227009
"E07000103","Watford",102246,2419,2.365863,-5.728941
"E07000105","Ashford",132747,12201,9.191168,1.096365
"E07000106","Canterbury",157432,11285,7.168174,-0.926629
"E07000107","Dartford",116753,10816,9.264002,1.169198
"E07000108","Dover",116410,9573,8.22352,0.128717
"E07000109","Gravesham",106900,7582,7.09261,-1.002194
"E07000110","Maidstone",175782,18520,10.535777,2.440974
"E07000111","Sevenoaks",120514,9186,7.622351,-0.472453
"E07000112","Folkestone and Hythe",109758,7282,6.634596,-1.460208
"E07000113","Swale",151676,13697,9.030433,0.93563
"E07000114","Thanet",140587,8125,5.779339,-2.315464
"E07000115","Tonbridge and Malling",132201,12077,9.135332,1.040528
"E07000116","Tunbridge Wells",115311,7660,6.642905,-1.451899
"E07000117","Burnley",94646,9746,10.297318,2.202515
"E07000118","Chorley",117732,15186,12.898787,4.803983
"E07000119","Fylde",81374,7146,8.781675,0.686871
"E07000120","Hyndburn",82234,8277,10.06518,1.970376
"E07000121","Lancaster",142934,10561,7.388725,-0.706079
"E07000122","Pendle",95757,8168,8.529925,0.435121
"E07000123","Preston",147835,13633,9.221768,1.126964
"E07000124","Ribble Valley",61561,6146,9.983594,1.88879
"E07000125","Rossendale",70871,7652,10.797082,2.702278
"E07000126","South Ribble",111035,10527,9.480794,1.385991
"E07000127","West Lancashire",117429,14039,11.955309,3.860506
"E07000128","Wyre",111946,9327,8.331696,0.236892
"E07000129","Blaby",102926,11085,10.769874,2.67507
"E07000130","Charnwood",183971,16078,8.739421,0.644617
"E07000131","Harborough",97625,9185,9.408451,1.313647
"E07000132","Hinckley and Bosworth",113642,11156,9.816793,1.721989
"E07000133","Melton",51752,4910,9.487556,1.392752
"E07000134","North West Leicestershire",104706,11733,11.205662,3.110858
"E07000135","Oadby and Wigston",57747,3618,6.265261,-1.829543
"E07000136","Boston",70502,8740,12.396811,4.302008
"E07000137","East Lindsey",142296,13171,9.256058,1.161254
"E07000138","Lincoln",103813,7082,6.821882,-1.272922
"E07000139","North Kesteven",118075,14633,12.392971,4.298167
"E07000140","South Holland",95122,10874,11.431635,3.336832
"E07000141","South Kesteven",143404,13120,9.148978,1.054174
"E07000142","West Lindsey",95156,10680,11.223675,3.128871
"E07000143","Breckland",141476,13249,9.364839,1.270036
"E07000144","Broadland",131721,14190,10.77277,2.677966
"E07000145","Great Yarmouth",99748,4718,4.729919,-3.364884
"E07000146","King's Lynn and West Norfolk",154325,14988,9.711971,1.617168
"E07000147","North Norfolk",102980,6734,6.539134,-1.55567
"E07000148","Norwich",143922,4825,3.35251,-4.742293
"E07000149","South Norfolk",141948,14960,10.539071,2.444267
"E07000163","Craven",56927,5062,8.89209,0.797286
"E07000164","Hambleton",90690,8918,9.833499,1.738695
"E07000165","Harrogate",162666,15850,9.743892,1.649089
"E07000166","Richmondshire",49776,5793,11.638139,3.543335
"E07000167","Ryedale",54707,4861,8.885517,0.790714
"E07000168","Scarborough",108736,9112,8.379929,0.285126
"E07000169","Selby",91988,11721,12.741879,4.647076
"E07000170","Ashfield",126300,14231,11.267617,3.172813
"E07000171","Bassetlaw",117804,13760,11.680418,3.585615
"E07000172","Broxtowe",110940,10729,9.670993,1.57619
"E07000173","Gedling",117264,9507,8.107348,0.012544
"E07000174","Mansfield",110482,9817,8.88561,0.790807
"E07000175","Newark and Sherwood",122956,13755,11.186929,3.092125
"E07000176","Rushcliffe",119077,12021,10.095149,2.000345
"E07000177","Cherwell",161016,15082,9.366771,1.271967
"E07000178","Oxford",162040,5578,3.44236,-4.652444
"E07000179","South Oxfordshire",149085,17391,11.665157,3.570354
"E07000180","Vale of White Horse",138913,12417,8.938688,0.843885
"E07000181","West Oxfordshire",114237,9934,8.695957,0.601153
"E07000187","Mendip",116089,10622,9.149876,1.055073
"E07000188","Sedgemoor",125343,13017,10.385103,2.2903
"E07000189","South Somerset",172671,14850,8.60017,0.505367
"E07000192","Cannock Chase",100519,8639,8.594395,0.499591
"E07000193","East Staffordshire",124020,10242,8.258345,0.163542
"E07000194","Lichfield",106436,13890,13.050096,4.955292
"E07000195","Newcastle-under-Lyme",123299,14744,11.957923,3.86312
"E07000196","South Staffordshire",110472,21388,19.360562,11.265758
"E07000197","Stafford",136867,14135,10.327544,2.232741
"E07000198","Staffordshire Moorlands",95845,12659,13.207783,5.11298
"E07000199","Tamworth",78646,3663,4.65758,-3.437224
"E07000200","Babergh",92341,8472,9.174689,1.079886
"E07000202","Ipswich",139642,8986,6.435027,-1.659777
"E07000203","Mid Suffolk",102699,9754,9.497658,1.402855
"E07000207","Elmbridge",138754,9289,6.694582,-1.400222
"E07000208","Epsom and Ewell",80938,4809,5.941585,-2.153219
"E07000209","Guildford",143650,12728,8.860425,0.765621
"E07000210","Mole Valley",87386,7046,8.063076,-0.031727
"E07000211","Reigate and Banstead",150846,9902,6.564311,-1.530493
"E07000212","Runnymede",88079,7085,8.043915,-0.050889
"E07000213","Spelthorne",102956,8223,7.986907,-0.107897
"E07000214","Surrey Heath",90453,6484,7.168364,-0.92644
"E07000215","Tandridge",87876,6781,7.716555,-0.378248
"E07000216","Waverley",128229,6989,5.450405,-2.644398
"E07000217","Woking",103943,6603,6.35252,-1.742284
"E07000218","North Warwickshire",65035,11751,18.068732,9.973929
"E07000219","Nuneaton and Bedworth",134197,12392,9.234186,1.139382
"E07000220","Rugby",114363,15546,13.593557,5.498754
"E07000221","Stratford-on-Avon",134725,12652,9.390982,1.296178
"E07000222","Warwick",148453,12462,8.394576,0.299772
"E07000223","Adur",64544,4736,7.33763,-0.757173
"E07000224","Arun",164889,12160,7.374658,-0.720146
"E07000225","Chichester",124068,9518,7.671599,-0.423204
"E07000226","Crawley",118493,7152,6.0358,-2.059004
"E07000227","Horsham",146778,12536,8.540789,0.445986
"E07000228","Mid Sussex",152566,10848,7.110365,-0.984438
"E07000229","Worthing",111338,4774,4.287844,-3.806959
"E07000234","Bromsgrove",99183,15084,15.208251,7.113448
"E07000235","Malvern Hills",79486,8437,10.614448,2.519644
"E07000236","Redditch",87036,4789,5.502321,-2.592483
"E07000237","Worcester",103872,5249,5.053335,-3.041469
"E07000238","Wychavon",132492,16194,12.222625,4.127821
"E07000239","Wyre Forest",101607,9682,9.528871,1.434067
"E07000240","St Albans",148167,10928,7.375461,-0.719342
"E07000241","Welwyn Hatfield",119836,9189,7.66798,-0.426824
"E07000242","East Hertfordshire",150158,13717,9.135044,1.040241
"E07000243","Stevenage",89495,2466,2.755461,-5.339342
"E07000244","East Suffolk",246058,20698,8.411838,0.317034
"E07000245","West Suffolk",179948,15423,8.570809,0.476006
"E07000246","Somerset West and Taunton",157445,13033,8.277811,0.183008
"E08000001","Bolton",295963,22515,7.60737,-0.487434
"E08000002","Bury",193851,20135,10.386844,2.29204
"E08000003","Manchester",551938,42724,7.740725,-0.354079
"E08000004","Oldham",242088,22851,9.43913,1.344326
"E08000005","Rochdale",223773,22298,9.964562,1.869759
"E08000006","Salford",269923,26451,9.799461,1.704658
"E08000007","Stockport",294773,24253,8.227687,0.132883
"E08000008","Tameside",231071,23072,9.98481,1.890006
"E08000009","Trafford",235052,19817,8.4309,0.336097
"E08000010","Wigan",329330,37234,11.305985,3.211181
"E08000011","Knowsley",154519,13929,9.014425,0.919622
"E08000012","Liverpool",486088,31209,6.420442,-1.674361
"E08000013","St. Helens",183248,19125,10.436676,2.341872
"E08000014","Sefton",279233,16843,6.03188,-2.062923
"E08000015","Wirral",320199,24788,7.741436,-0.353368
"E08000016","Barnsley",244572,26055,10.653305,2.558501
"E08000017","Doncaster",308106,39889,12.946518,4.851715
"E08000018","Rotherham",265807,27776,10.449687,2.354884
"E08000019","Sheffield",556521,42343,7.608518,-0.486286
"E08000021","Newcastle upon Tyne",300125,20940,6.977093,-1.117711
"E08000022","North Tyneside",208967,16384,7.840472,-0.254331
"E08000023","South Tyneside",147776,13738,9.296503,1.201699
"E08000024","Sunderland",274172,24222,8.8346,0.739797
"E08000025","Birmingham",1144919,72117,6.298874,-1.79593
"E08000026","Coventry",345325,22255,6.444654,-1.65015
"E08000027","Dudley",323486,28327,8.756793,0.66199
"E08000028","Sandwell",341832,26519,7.757904,-0.336899
"E08000029","Solihull",216240,14812,6.849797,-1.245007
"E08000030","Walsall",284124,22159,7.79906,-0.295744
"E08000031","Wolverhampton",263727,16384,6.212485,-1.882319
"E08000032","Bradford",546412,41320,7.562059,-0.532744
"E08000033","Calderdale",206631,22646,10.959633,2.86483
"E08000034","Kirklees",433216,38202,8.818234,0.72343
"E08000035","Leeds",811956,76865,9.466646,1.371842
"E08000036","Wakefield",353368,39239,11.104288,3.009484
"E08000037","Gateshead",196151,18278,9.318331,1.223528
"E09000001","City of London",8583,1994.93058,23.242812,15.148009
"E09000002","Barking and Dagenham",218869,17038,7.784565,-0.310238
"E09000003","Barnet",389344,29860,7.66931,-0.425493
"E09000004","Bexley",246472,15613,6.334594,-1.76021
"E09000005","Brent",339816,16984,4.997999,-3.096805
"E09000006","Bromley",329992,26927,8.159895,0.065091
"E09000007","Camden",210136,11502,5.473598,-2.621206
"E09000008","Croydon",390719,25143,6.435059,-1.659744
"E09000009","Ealing",367115,24697,6.72732,-1.367484
"E09000010","Enfield",329984,17361,5.261164,-2.833639
"E09000011","Greenwich",289068,25082,8.676851,0.582047
"E09000012","Hackney",259146,7490,2.890263,-5.204541
"E09000013","Hammersmith and Fulham",183157,16472,8.993377,0.898574
"E09000014","Haringey",264238,22310,8.443146,0.348342
"E09000015","Harrow",261203,20880,7.993783,-0.101021
"E09000016","Havering",262052,23779,9.074153,0.97935
"E09000017","Hillingdon",305909,25233,8.248531,0.153728
"E09000018","Hounslow",288181,26602,9.231004,1.1362
"E09000019","Islington",216589,6958,3.212536,-4.882267
"E09000020","Kensington and Chelsea",143375,12213.66884,8.518688,0.423884
"E09000021","Kingston upon Thames",168063,7625,4.536989,-3.557815
"E09000022","Lambeth",317654,20983,6.605615,-1.489189
"E09000023","Lewisham",300553,13587,4.520667,-3.574137
"E09000024","Merton",215186,12887,5.988773,-2.106031
"E09000025","Newham",351036,22515,6.413872,-1.680932
"E09000026","Redbridge",310260,30113,9.705731,1.610927
"E09000027","Richmond upon Thames",195278,17272,8.844826,0.750023
"E09000028","Southwark",307637,18083,5.878032,-2.216772
"E09000029","Sutton",209639,11757,5.608212,-2.486591
"E09000030","Tower Hamlets",310306,16377,5.277694,-2.81711
"E09000031","Waltham Forest",278426,11722,4.210095,-3.884708
"E09000032","Wandsworth",327506,25068,7.654211,-0.440593
"E09000033","Westminster",204236,19477,9.536517,1.441713
"W06000001","Isle of Anglesey",68878,5437,7.893667,-0.201137
"W06000002","Gwynedd",117393,9056,7.714259,-0.380545
"W06000003","Conwy",114741,7533,6.565221,-1.529583
"W06000004","Denbighshire",95817,7804,8.144692,0.049889
"W06000005","Flintshire",154962,15665,10.10893,2.014126
"W06000006","Wrexham",135117,14685,10.868359,2.773555
"W06000008","Ceredigion",71475,4640,6.49178,-1.603023
"W06000009","Pembrokeshire",123360,10565,8.564364,0.469561
"W06000010","Carmarthenshire",187897,15027,7.997467,-0.097337
"W06000011","Swansea",238490,18547,7.776846,-0.317958
"W06000012","Neath Port Talbot",142289,14387,10.111112,2.016308
"W06000013","Bridgend",145488,13121,9.018613,0.92381
"W06000014","Vale of Glamorgan",131939,13751,10.422241,2.327437
"W06000015","Cardiff",362308,22759,6.281672,-1.813132
"W06000016","Rhondda Cynon Taff",237651,19360.84203,8.146754,0.05195
"W06000018","Caerphilly",175952,18958,10.774529,2.679726
"W06000019","Blaenau Gwent",66904,6177,9.232632,1.137828
"W06000020","Torfaen",92276,9516,10.312541,2.217737
"W06000021","Monmouthshire",92957,7424,7.986488,-0.108315
"W06000022","Newport",159592,14998,9.397714,1.302911
"W06000023","Powys",133169,11118,8.34879,0.253986
"W06000024","Merthyr Tydfil",58836,6133,10.42389,2.329087
